,0,1
0,MMM,[147.6147021  147.67396264 147.40540761 146.96446036 146.56153494]
1,AOS,[59.83876411 59.91972955 59.77644808 59.85511749 59.72507718]
2,ABT,[118.25474229 118.07755646 118.10556674 118.04952741 118.09364597]
3,ABBV,[156.70398123 157.09465708 157.28465927 157.15679435 156.78992744]
4,ABMD,[286.38245928 288.07041759 287.76535248 286.72561389 288.14690838]
5,ACN,[313.61799705 312.84928169 312.91101796 313.14946988 313.14613096]
6,ATVI,[76.60525442 76.41670084 76.55086426 76.68819347 76.51482801]
7,ADM,[92.58486031 92.55899924 92.55600897 92.55588798 92.55577998]
8,ADBE,[410.66290392 411.10952833 410.36667342 410.2539863  410.16318567]
9,ADP,[229.18870893 229.56180786 229.30453911 229.56471303 229.38239396]
10,AAP,[208.97817375 210.04826928 211.38792118 211.51226532 211.95865836]
11,AES,[20.98739495 20.99469817 21.05115505 21.07035973 21.02395296]
12,AFL,[59.45169386 59.41246769 59.3350363  59.44497514 59.40781054]
13,A,[120.91013053 120.8276478  121.05672637 120.97417808 120.81055794]
14,AIG,[60.06273382 60.01789156 59.99188593 59.9803741  59.97567358]
15,APD,[240.35419841 240.26531126 240.49818138 240.41927419 240.25233521]
16,AKAM,[116.35243656 116.42480984 116.34710808 116.30526031 116.27867716]
17,ALK,[55.79216623 55.70183308 55.62296313 55.6904019  55.67040869]
18,ALB,[194.08909065 194.8850827  194.27137798 194.73911418 194.37580945]
19,ARE,[189.87096783 190.15388168 190.47399494 189.90606104 190.12123084]
20,ALGN,[301.94500963 300.75919218 299.21532457 301.36892211 299.06283603]
21,ALLE,[119.12698374 118.39694175 118.30262917 117.73592669 117.74847814]
22,LNT,[61.24155932 61.30721492 61.27298744 61.21733228 61.24267234]
23,ALL,[130.39502103 130.23327667 130.00110653 129.78139741 129.64526535]
24,GOOGL,[2375.94774304 2381.47542255 2379.26939021 2380.0878777  2379.34180907]
25,GOOG,[2393.81995458 2401.53484885 2397.17836458 2397.96687127 2396.49121091]
26,MO,[55.2136697  55.1790289  55.15932963 55.19121355 55.2054916 ]
27,AMZN,[2902.13516842 2907.14100779 2913.73231369 2917.53617882 2922.98404322]
28,AMCR,[12.09403603 12.08254215 12.05284636 12.04258039 12.01819218]
29,AMD,[89.14983435 88.63586191 88.93223358 89.03941346 89.01008294]
30,AEE,[95.36958985 95.33042095 95.34555844 95.37248099 95.31890935]
31,AAL,[19.63864466 19.66251913 19.64189039 19.6081391  19.59087949]
32,AEP,[102.11203521 102.19028297 101.91728163 101.97004934 101.72351474]
33,AXP,[183.0618012  182.5695244  181.732795   182.53581548 183.04807205]
34,AMT,[252.08903063 252.03263638 251.99260063 251.96670063 251.9484945 ]
35,AWK,[160.10217771 159.5530991  159.61148252 159.62230949 159.57588662]
36,AMP,[272.08943969 270.86645122 272.22899682 272.50477201 270.97313734]
37,ABC,[158.02460457 158.08267059 158.14694547 158.14234578 158.15781315]
38,AME,[127.91010598 128.1290321  127.98929663 128.16063125 128.05260709]
39,AMGN,[239.01178357 239.10692429 240.0660877  239.18522241 239.29020034]
40,APH,[73.66423306 73.5040116  73.1998032  73.08147749 73.05916245]
41,ADI,[159.99765299 160.06670343 159.92099086 159.8427926  159.76743374]
42,ANSS,[286.74636043 286.83067975 286.12721074 286.94592672 286.63148266]
43,ANTM,[517.82256705 516.10301652 516.36266985 516.29281269 516.50296267]
44,AON,[317.89972749 318.20149697 318.64203934 319.07712504 319.39155239]
45,APA,[41.61969618 41.51154405 41.28408083 41.15771875 41.14083525]
46,AAPL,[164.54131542 163.59113298 163.05981769 164.23055425 164.10194092]
47,AMAT,[114.10232828 114.86821481 114.90891104 114.33635485 113.88500446]
48,APTV,[106.78967148 106.95737047 107.83118478 108.0814199  107.33700105]
49,ANET,[120.77453188 120.84824334 121.01745972 121.02430325 121.12511288]
50,AIZ,[186.25740095 186.39454591 186.45164279 186.57496965 186.64331649]
51,T,[19.33100895 19.28089054 19.37714586 19.41256612 19.31139001]
52,ATO,[116.89846045 116.8871051  116.79665232 116.85960333 116.85100147]
53,ADSK,[195.97376274 195.76071492 196.01176435 195.87312361 195.8176941 ]
54,AZO,[2010.51564883 2016.27732864 2011.27702619 2005.8651259  2011.57895786]
55,AVB,[240.51358668 240.74250604 240.30205808 239.59339631 239.09252484]
56,AVY,[182.84541975 182.17033837 181.92728027 181.97582131 182.07483591]
57,BKR,[32.01209422 31.97689262 31.91337409 31.91375318 31.96929041]
58,BLL,[83.3966757  83.38352989 83.42915384 83.3658294  83.40420874]
59,BAC,[36.71121811 36.65897445 36.80089792 36.75334307 36.64608458]
60,BBWI,[54.25273791 54.00224964 53.84427029 53.90552824 54.13312485]
61,BAX,[71.18229069 71.34889793 71.68594509 71.8746688  72.16272071]
62,BDX,[252.90620242 252.59818216 252.34190879 252.08952954 251.84712281]
63,WRB,[68.78258229 68.78434577 68.77369594 68.75976001 68.74633179]
64,BBY,[93.70629119 94.01182222 94.11759429 93.89914109 93.68524691]
65,BIO,[506.60802763 510.23776406 512.66328481 506.19140927 511.54202073]
66,TECH,[388.26416116 389.72841791 390.49209598 391.24273341 391.82043494]
67,BIIB,[211.21321349 211.72347288 211.76198839 211.84214801 211.82341278]
68,BLK,[650.04458995 648.1396946  646.67580007 645.88631064 645.65539682]
69,BK,[43.34931677 43.31893417 43.32752815 43.31878493 43.317682  ]
70,BA,[153.61767434 152.58607393 153.01860042 154.06485433 153.81445628]
71,BKNG,[2329.95745587 2327.52567638 2322.40505625 2326.84413214 2326.34555574]
72,BWA,[37.69542203 37.70118616 37.68389604 37.67034683 37.65877457]
73,BXP,[123.72125479 123.81667426 123.65442495 123.48502216 123.47207145]
74,BSX,[42.90002559 43.01710982 43.13687093 43.22872377 43.30175748]
75,BMY,[77.27050419 77.25742022 77.21596472 77.21547449 77.21160365]
76,AVGO,[577.18393162 578.62991474 579.00594284 578.50300045 577.44456699]
77,BR,[149.46396321 149.79060973 149.40843831 149.69567315 149.44027152]
78,BRO,[65.80737774 65.95009448 65.96586267 66.07905242 66.09496504]
79,CHRW,[110.3899706  110.13889144 110.35479847 110.49371772 110.20507004]
80,CDNS,[158.6401979  158.49664121 158.7011928  158.56557089 158.69126684]
81,CZR,[67.60826493 67.55162333 67.30145393 67.23830183 67.27573035]
82,CPB,[48.2209331  48.04659462 47.83213044 47.67106453 47.51096953]
83,COF,[129.95412365 130.00316858 129.7238141  129.86095227 129.74391304]
84,CAH,[59.6225524  59.45534149 59.2777128  59.11212104 58.94860494]
85,KMX,[89.38263232 89.41987421 89.18472242 89.21735868 89.3813738 ]
86,CCL,[18.02473688 17.99632636 17.90911254 17.89850567 17.91713514]
87,CARR,[39.36159389 39.25940368 39.2672314  39.37206527 39.4277716 ]
88,CTLT,[90.34919732 90.51970642 90.48102195 90.27665663 89.9964912 ]
89,CAT,[212.87241801 213.09828557 213.36814163 213.5798859  213.75285163]
90,CBOE,[114.9106991  114.96090178 114.84818267 114.9340042  114.8574948 ]
91,CBRE,[85.66155947 85.52933814 85.51505783 85.45271679 85.46597551]
92,CDW,[168.62822924 169.25918804 169.15445843 168.81934242 168.55743119]
93,CE,[142.84063802 142.7173179  142.58299121 142.63713458 142.7746332 ]
94,CNC,[81.45162688 81.50594757 81.54921362 81.44621043 81.53223872]
95,CNP,[31.45393892 31.4733847  31.47660704 31.48856955 31.4877766 ]
96,CDAY,[58.10202039 58.09541    57.93905552 57.88519918 57.91356059]
97,CERN,[93.80104049 93.79389624 93.79892148 93.79550496 93.79788289]
98,CF,[98.59853059 98.86517914 99.23127118 99.429814   99.33942133]
99,CRL,[246.63003857 249.19260006 250.26178268 250.27797009 249.85152777]
100,SCHW,[69.27047611 68.77185568 68.74028192 69.21949878 69.14365449]
101,CHTR,[462.52562883 462.52594296 462.5734767  462.56988721 462.56985291]
102,CVX,[162.28336073 162.01383192 161.8569149  162.23758498 162.1150449 ]
103,CMG,[1508.53101209 1511.68030748 1510.49197213 1505.50959684 1498.29399604]
104,CB,[210.85899861 210.71315381 210.79718963 211.06981782 211.40623629]
105,CHD,[100.9561261  100.76101919 100.99898107 101.02001441 101.05701388]
106,CI,[254.64385671 254.68173963 254.57357208 254.5766516  254.53120109]
107,CINF,[135.79543034 135.69992845 135.90325247 135.86405213 135.69072634]
108,CTAS,[409.69383099 410.33799904 410.94449555 410.96138864 410.38262732]
109,CSCO,[50.72473166 50.69216183 50.62722091 50.67357673 50.63214057]
110,C,[50.04200638 49.96870936 49.95145358 50.02051211 50.02522155]
111,CFG,[40.309451   40.30157266 40.30161107 40.30028957 40.30047586]
112,CTXS,[100.7656689  100.78711648 100.81694165 100.81668675 100.82745474]
113,CLX,[148.54984402 148.39309195 148.43386969 148.36541121 148.37214032]
114,CME,[226.31122682 226.79525439 227.12360654 227.27316349 227.24058483]
115,CMS,[70.83889651 70.80191264 70.77832996 70.79595934 70.79621333]
116,KO,[66.20819101 66.32911211 66.18945376 66.26313461 66.28925596]
117,CTSH,[84.12866487 84.24729181 84.14203288 83.90012567 83.69691736]
118,CL,[81.31832231 81.45111174 81.46181936 81.36808446 81.23463433]
119,CMCSA,[42.06375365 42.04177302 42.05428705 42.02128498 42.0345965 ]
120,CMA,[84.57100321 84.39161046 84.30056913 84.3060725  84.31650702]
121,CAG,[35.91386489 35.88110602 35.84612279 35.86127137 35.89737788]
122,COP,[97.63409673 97.84398179 97.70215849 97.52578867 97.68055665]
123,ED,[95.47295452 95.35977408 95.16342756 94.98870435 94.92026091]
124,STZ,[250.37438148 250.26722518 250.17876827 250.138701   250.13957967]
125,CEG,[60.43379384 60.4978419  61.25595747 60.54563944 60.47733968]
126,COO,[374.79225612 376.66916665 378.6155768  380.07761403 381.14105607]
127,CPRT,[116.33950958 116.1873938  116.65036996 117.04632609 116.78796869]
128,GLW,[36.39709437 36.39262748 36.38832848 36.38763862 36.38690719]
129,CTVA,[57.77962039 57.80457008 57.82349355 57.82368794 57.82736256]
130,COST,[560.92677503 559.86367574 559.78411912 559.41516799 559.11804996]
131,CTRA,[29.13515236 29.16029231 29.17735233 29.17013882 29.17394803]
132,CCI,[191.80382118 191.70687598 191.80306597 191.76191821 191.78563733]
133,CSX,[35.11575759 35.203028   35.12061117 35.19944708 35.12493174]
134,CMI,[194.66145061 194.36168466 194.3558971  194.36625147 194.39136614]
135,CVS,[101.22144682 101.80747686 102.08381317 101.8249616  101.28736853]
136,DHI,[73.08018196 73.37463803 73.45316513 73.28193706 72.97731286]
137,DHR,[258.05771912 257.58631675 257.29269016 257.46007728 257.4613637 ]
138,DRI,[134.0852666  134.16795547 134.00607171 133.94488365 133.86362802]
139,DVA,[109.68482689 110.39469825 110.92725977 110.38622434 109.71911734]
140,DE,[387.36766835 389.27680322 390.64616005 391.4276538  391.77166717]
141,DAL,[44.39977513 44.457849   44.38942373 44.45498528 44.40905539]
142,XRAY,[40.25714705 40.43804998 40.59236865 40.60514876 40.47228467]
143,DVN,[59.97326819 59.89678834 59.68840449 59.6513489  59.57701917]
144,DXCM,[414.34258396 416.63420275 414.66923047 413.68414169 415.72737698]
145,FANG,[129.14030473 128.9044501  128.60124293 128.68948753 128.78206375]
146,DLR,[151.76174756 151.65578733 151.651066   151.76432343 151.56483447]
147,DFS,[116.45156476 116.14065382 116.13680014 115.85943102 115.89408353]
148,DISCA,[17.9915378  18.03138804 17.84776898 17.92765298 17.85333275]
149,DISCK,[24.44398394 24.47160379 24.50425483 24.53787059 24.57220288]
150,DISH,[30.54169452 30.54842267 30.55579058 30.55571678 30.55794883]
151,DIS,[115.29368161 115.03071196 114.97381667 115.21923705 115.3327156 ]
152,DG,[246.72004409 246.68273134 246.67357269 246.66007027 246.66028847]
153,DLTR,[167.11696143 166.78677021 167.11916348 167.10523    166.80151283]
154,D,[83.77796396 83.69611565 83.71013707 83.793746   83.84226311]
155,DPZ,[355.08232216 354.9075164  354.25086667 354.86376797 355.08034211]
156,DOV,[139.60562331 139.55645609 139.52887969 139.52801908 139.52947355]
157,DOW,[67.87343754 67.89247725 67.86910524 67.84768271 67.83849035]
158,DTE,[135.53641444 135.49008912 135.32804547 135.37875688 135.41775665]
159,DUK,[113.82876546 113.86478632 113.87432711 113.85526001 113.81787251]
160,DRE,[60.01230125 60.07171536 60.05561849 60.05552169 60.06434689]
161,DD,[67.66564062 67.63401191 67.57518791 67.55213791 67.56032647]
162,DXC,[29.71772061 29.54623446 29.5460471  29.70088977 29.5553492 ]
163,EMN,[107.4420812  107.25340516 107.23397561 107.41402717 107.33707508]
164,ETN,[147.7965102  147.61714825 147.5275005  147.52059591 147.5338527 ]
165,EBAY,[53.88001735 53.76000822 53.65967145 53.75758055 53.87949447]
166,ECL,[175.33810805 175.2705558  175.14356587 175.14226841 175.1507663 ]
167,EIX,[70.58985655 70.62327818 70.45864055 70.47768508 70.32954752]
168,EW,[109.37785617 109.28393927 109.29217526 109.25501249 109.2742985 ]
169,EA,[123.71162348 123.757767   123.55133755 123.62343154 123.59070989]
170,EMR,[92.25549948 92.42384197 92.42877703 92.54846902 92.54938563]
171,ENPH,[164.68151523 164.14888571 164.38608918 164.14012696 164.29821914]
172,ETR,[122.28790794 122.06379864 121.74973405 121.51815349 121.48627371]
173,EOG,[117.63595448 117.53885016 117.04855326 116.91142643 116.92449802]
174,EPAM,[281.46433747 284.04511813 287.06461994 287.89883743 286.07847627]
175,EFX,[206.05408832 204.82320769 205.35116506 205.252538   205.130283  ]
176,EQIX,[757.46902081 755.56149276 754.9734435  755.33272358 755.45659265]
177,EQR,[86.17483468 86.25972072 86.22435775 86.14379835 86.12130222]
178,ESS,[344.8991215  344.95439965 344.94331975 344.98077649 344.96989043]
179,EL,[271.87626378 271.34367641 271.4492798  271.43322226 271.43392084]
180,ETSY,[103.04113732 102.23699631 101.53195581 102.62276029 102.80268825]
181,RE,[282.74686989 283.02034858 283.22286994 283.46107033 283.63707848]
182,EVRG,[69.54198955 69.23327523 69.0319985  69.03092758 69.19025003]
183,ES,[90.18066933 90.06049693 89.86520711 89.63176525 89.40205997]
184,EXC,[48.26753016 48.31877003 48.29226813 48.31171007 48.29593999]
185,EXPE,[184.05928404 183.2555118  182.90461661 183.82516759 183.81657104]
186,EXPD,[102.31252537 102.16890204 102.26036759 102.31801745 102.18068936]
187,EXR,[207.45555469 207.46254249 207.45590917 207.41276476 207.41899238]
188,XOM,[86.82366764 86.24740401 86.40808515 87.03515164 87.12664343]
189,FFIV,[176.14190545 176.31548226 176.32069495 176.34587236 176.34667971]
190,FDS,[417.9309763  419.35808974 419.23556505 417.94006982 419.3124301 ]
191,FAST,[57.38734744 57.43740675 57.45678712 57.45207343 57.4298359 ]
192,FRT,[121.47562143 121.49752072 121.06838886 121.10517767 121.21210625]
193,FDX,[207.27807452 206.40311628 206.52847954 207.25308983 206.40779799]
194,FITB,[38.84138601 38.68930614 38.9023763  38.90482763 38.69152006]
195,FRC,[153.68096707 153.78312771 153.71301887 153.78936132 153.72544987]
196,FE,[44.77179147 44.79046871 44.78780724 44.78309906 44.78190337]
197,FIS,[103.76967488 103.78247453 103.57647099 103.5859008  103.41022454]
198,FISV,[105.01086166 105.18423325 104.88875014 104.27255774 103.56474775]
199,FLT,[258.26225621 257.9106613  257.20511817 256.92692828 256.41662941]
200,FMC,[134.52543776 134.39288783 134.189278   134.25417134 134.37044959]
201,F,[14.58898332 14.57055536 14.5506808  14.53316875 14.52073637]
202,FTNT,[308.49272312 309.28266843 309.82687648 309.65097213 308.95252218]
203,FTV,[58.78334821 58.73263208 58.61443238 58.55556114 58.54494991]
204,FBHS,[75.86356923 75.56551892 75.2668273  75.19804594 75.37193597]
205,FOXA,[36.66790394 36.50627135 36.52537914 36.64609644 36.52768719]
206,FOX,[34.01696811 33.89167108 33.90640328 34.00333673 33.91002394]
207,BEN,[25.96461854 26.00237899 26.01453229 26.04189946 26.05314407]
208,FCX,[42.2105919  42.70157912 43.23116498 43.71435685 44.07439681]
209,AJG,[179.00261035 179.30403185 179.39022455 179.62615162 179.73748599]
210,GRMN,[110.75986207 110.77025659 110.76040783 110.75512588 110.75444589]
211,IT,[297.20593907 297.41931022 297.07186208 297.26704431 297.05552236]
212,GE,[78.79620506 78.96938406 79.43844384 79.24565014 79.49568457]
213,GNRC,[235.31660372 232.66631037 232.65266141 235.07705157 233.4959984 ]
214,GD,[241.16204335 241.06247216 241.00883482 240.98507284 240.97514777]
215,GIS,[72.43053446 72.51048038 72.41794502 72.25869398 72.14220515]
216,GPC,[133.26076328 133.35111318 133.38469362 133.39203794 133.39251922]
217,GILD,[61.69827568 61.65772411 61.55146078 61.64333285 61.69349494]
218,GL,[101.9353771  101.78830808 101.43550184 101.13080724 101.09101103]
219,GPN,[144.64520135 144.69038932 143.93031186 143.39676437 143.07104551]
220,GM,[38.58672788 38.71523287 38.61516356 38.68998139 38.63313745]
221,GS,[318.78507119 318.11681336 317.14125729 316.68683645 317.10172431]
222,GWW,[516.71273356 517.10787805 514.85014972 514.38703415 516.62227645]
223,HAL,[36.74322502 36.69799688 36.61613107 36.61431027 36.68135847]
224,HIG,[71.29699875 71.24001905 71.31034765 71.25441671 71.32023029]
225,HAS,[89.82957662 89.79957046 89.36814424 89.39936441 89.09834605]
226,HCA,[218.52264214 218.2547292  217.62039716 217.92085698 217.76508624]
227,PEAK,[34.2826069  34.29718037 34.26636185 34.26147892 34.25638941]
228,HSIC,[83.68119924 83.51498445 83.43769907 83.65625194 83.48443315]
229,HSY,[227.10632798 227.10196705 227.38452638 227.51407142 227.26823247]
230,HES,[105.15857482 104.93597078 104.78707229 104.96016159 105.14222746]
231,HPE,[15.64150887 15.57259299 15.5403801  15.5735564  15.64291531]
232,HLT,[161.09500529 160.71748849 160.23839609 159.78334194 159.38966706]
233,HOLX,[71.56765023 71.56237852 71.53738199 71.52466361 71.52236222]
234,HD,[312.24208747 312.31493938 312.34696717 312.34932461 312.34967635]
235,HON,[190.33206758 190.81738339 190.35359198 189.87935726 190.33007162]
236,HRL,[53.7068131  53.71029778 53.62840855 53.59683001 53.58630915]
237,HST,[21.27426035 21.19790112 21.18305976 21.17517453 21.18253704]
238,HWM,[34.94812642 34.92150982 34.88232026 34.88310407 34.88810185]
239,HPQ,[37.53775896 37.50813825 37.52566938 37.50229168 37.51594818]
240,HUM,[458.56673524 457.71573386 456.03695883 455.20235396 453.67746912]
241,HII,[218.42350405 218.18371123 218.30148714 218.24494537 218.26843512]
242,HBAN,[13.54034569 13.49602549 13.4986324  13.54475918 13.57732873]
243,IEX,[195.94935561 195.12028285 194.12542627 193.75560003 194.19072586]
244,IDXX,[453.1164992  454.02284241 448.90937031 450.22149568 454.52885662]
245,ITW,[202.2639023  202.48237838 202.24761695 202.42571758 202.24459801]
246,ILMN,[302.13309274 303.09833106 303.11926566 302.32985089 303.21764795]
247,INCY,[75.46123565 75.52619071 75.53866894 75.56802201 75.56715787]
248,IR,[45.12030642 45.08395963 45.11607469 45.0882541  45.11265754]
249,INTC,[46.62797082 46.65479052 46.85175486 46.98386508 46.89704038]
250,ICE,[118.78700132 119.04775316 119.21940108 118.79369496 119.03507654]
251,IBM,[135.54815803 135.40722114 135.23103664 135.10225848 134.93840879]
252,IP,[47.39721869 47.4755096  47.4034859  47.46933037 47.40885576]
253,IPG,[34.22557444 34.28011573 34.32815498 34.33707049 34.35560179]
254,IFF,[125.48159127 125.55924439 125.53424438 125.5067455  125.47756087]
255,INTU,[440.42430977 442.83634162 442.049413   441.77613406 442.59038774]
256,ISRG,[246.20306844 245.67544207 242.99206979 243.56176459 246.21374533]
257,IVZ,[19.31354974 19.20146094 19.25085012 19.31141608 19.19983574]
258,IPGP,[95.02800995 95.13624323 95.15937773 95.23633592 95.25011971]
259,IQV,[221.00341069 221.88105254 222.18798909 222.41353378 222.568861  ]
260,IRM,[55.75213224 55.88199443 55.85092936 55.77216622 55.8205294 ]
261,JBHT,[174.74612016 175.0721598  175.10195907 175.36530019 175.39807683]
262,JKHY,[193.38986246 193.67035627 192.60108988 192.81946646 191.83403741]
263,J,[142.90987802 143.47210999 143.61352165 143.28823026 142.60563776]
264,JNJ,[182.93397131 183.05420566 182.96645632 182.96036872 182.93622298]
265,JCI,[61.49667187 61.34595243 61.25760693 61.28173927 61.34466759]
266,JPM,[123.44298926 123.60603174 123.40666705 123.44020488 123.57606557]
267,JNPR,[32.76424493 32.91533946 33.06228974 33.19463915 33.30672683]
268,K,[69.66495271 69.79916029 69.82702389 69.74427296 69.60423361]
269,KEY,[20.05650784 20.03074361 20.04438741 20.02850074 20.04452644]
270,KEYS,[145.2816939  145.42625775 145.34490621 145.22068312 145.32066872]
271,KMB,[141.28627686 140.93566514 140.78190171 140.89380292 141.14362979]
272,KIM,[26.31593961 26.26024959 26.14105593 26.14568449 26.16798518]
273,KMI,[18.82112807 18.83343052 18.8296617  18.83407759 18.83341768]
274,KLAC,[327.9883947  328.05132872 330.16719553 332.05679806 331.38312025]
275,KHC,[43.68301022 43.57350894 43.63515656 43.59947771 43.62455774]
276,LHX,[239.16026568 239.15874463 239.07319034 239.20119964 239.09334499]
277,LH,[240.52486675 240.4523753  241.19704378 240.33158961 240.72992358]
278,LRCX,[481.81750461 485.04371825 485.53855277 483.29047014 481.16113394]
279,LW,[67.79192884 67.80123506 67.8224587  67.8473743  67.8655784 ]
280,LVS,[35.78890797 35.66180371 35.46628047 35.5443754  35.75906625]
281,LDOS,[104.59951558 104.96487384 104.66318309 104.88273815 104.75651218]
282,LEN,[78.96453856 79.43767487 79.57406695 79.31014536 78.81873666]
283,LLY,[296.64675296 297.06210784 296.93885286 297.26967854 297.1379584 ]
284,LNC,[62.86183404 62.69890524 62.35031129 62.11150189 62.1288405 ]
285,LIN,[314.05027353 314.22554828 314.82430879 314.97560799 314.45785222]
286,LYV,[107.35847588 107.33011329 107.76352923 108.13972725 108.00875357]
287,LKQ,[50.89100639 50.78331117 50.80240516 50.80145792 50.80615528]
288,LMT,[440.1032835  440.65590875 441.9172212  440.61809506 440.15439173]
289,L,[64.58685749 64.48842507 64.3964773  64.37771773 64.41354702]
290,LOW,[205.4433929  205.47640701 205.26244191 204.92852234 204.6712661 ]
291,LUMN,[10.56606519 10.56720737 10.60272227 10.6229539  10.64581712]
292,LYB,[105.96818547 106.01587188 105.91335503 105.95743674 105.87222444]
293,MTB,[171.66401717 171.50586178 171.44262549 171.4190094  171.43878998]
294,MRO,[25.44063228 25.37195943 25.28161083 25.28882187 25.3136643 ]
295,MPC,[89.31321562 89.00151881 88.84793726 89.00418494 89.14147443]
296,MKTX,[272.75351822 271.46030857 270.43517171 270.96809121 270.99804869]
297,MAR,[184.48445196 184.08365833 183.69267184 183.36330859 183.0681477 ]
298,MMC,[171.66448336 171.67095784 171.63735973 171.64704773 171.62710553]
299,MLM,[364.91995866 364.91495629 364.43289528 364.54959318 364.28859214]
300,MAS,[55.22958856 55.03950497 54.9679801  55.17639036 55.14791113]
301,MA,[379.22575644 378.32109514 376.53281986 374.96385203 373.53571679]
302,MTCH,[81.42828348 81.36874973 81.0477601  80.71799577 80.59677257]
303,MKC,[103.69672153 103.63234305 103.51831585 103.47053642 103.46187524]
304,MCD,[253.16189908 254.14670389 254.36438071 253.90689361 254.40766866]
305,MCK,[320.70355267 320.49233356 320.48899935 320.50741892 320.50591499]
306,MDT,[107.11905464 107.43588958 107.39576917 107.6059378  107.56655058]
307,MRK,[88.58860277 88.82043003 88.47134613 88.7291524  88.69029068]
308,FB,[204.83742695 203.93089125 202.54444589 201.05832585 199.84210052]
309,MET,[67.92528654 67.92075222 67.744224   67.52224969 67.41246712]
310,MTD,[1296.52373568 1297.85305349 1293.74070308 1297.98950723 1296.19715601]
311,MGM,[42.30254283 42.08306668 41.97456282 42.18267617 42.11700848]
312,MCHP,[67.60240245 68.29045546 68.49591176 68.01219332 67.60288157]
313,MU,[70.01168195 70.05676637 69.82861213 70.10214099 69.96714753]
314,MSFT,[289.30795392 289.34064988 289.11644797 289.464395   289.15396072]
315,MAA,[205.80665062 205.99894218 205.87484784 206.0248561  205.91843621]
316,MRNA,[142.76188949 141.00811585 141.33221345 142.36098019 141.64993821]
317,MHK,[130.53838264 130.55677242 130.05570442 130.0289314  130.24125861]
318,MOH,[315.7088234  316.45538572 317.64586259 318.89954683 319.82800949]
319,TAP,[54.9319655  54.95938836 54.98054903 54.98336314 54.9686653 ]
320,MDLZ,[66.18558386 66.31940782 66.26444278 66.10581786 65.95728489]
321,MPWR,[410.19180556 407.72095444 409.6305074  410.8896192  408.24202558]
322,MNST,[87.79817269 88.04287475 87.78247061 87.82422349 88.02739655]
323,MCO,[325.94173501 324.79096069 323.49485869 322.90753735 323.36028353]
324,MS,[83.48282637 83.23086126 82.92047952 82.78690632 82.89837754]
325,MOS,[65.19627665 65.23015931 65.22994138 65.2215297  65.2292261 ]
326,MSI,[223.10538251 222.62128853 222.9434315  222.93131209 222.64907   ]
327,MSCI,[435.24007217 432.57850811 431.32439108 434.31934172 434.76368273]
328,NDAQ,[162.46402757 161.96157232 162.41369757 162.5459708  161.98658784]
329,NTAP,[75.01559236 75.11645418 75.11259628 75.06142369 75.02774925]
330,NFLX,[204.47903487 198.3573344  204.89519492 198.1409596  204.94317019]
331,NWL,[23.06105447 23.04975095 23.02791245 23.01282785 22.99836426]
332,NEM,[73.52959002 73.65753202 73.60541077 73.46471944 73.3954507 ]
333,NWSA,[20.53113289 20.42593365 20.48168658 20.49109718 20.42361433]
334,NWS,[20.57858719 20.52796304 20.50692557 20.59060718 20.47323627]
335,NEE,[73.18589974 72.7495206  72.61832076 72.9238517  73.35724517]
336,NLSN,[26.6315115  26.71774904 26.83152803 26.68580846 26.65852905]
337,NKE,[127.3254361  127.39430178 127.03594901 127.36724317 127.3435322 ]
338,NI,[30.0167693  30.0454635  30.10547543 30.12148232 30.07806812]
339,NDSN,[220.42182064 220.48126183 220.42592225 220.46546018 220.42626571]
340,NSC,[265.7092351  265.22466685 264.94257035 264.8888893  264.91759986]
341,NTRS,[106.78314478 106.75494839 107.32355028 106.95100611 106.64720287]
342,NOC,[443.68708697 442.01417962 444.37791103 444.77744375 442.21677   ]
343,NLOK,[25.77409218 25.80473942 25.83286889 25.86036173 25.88576578]
344,NCLH,[20.80471004 20.79807726 20.68387009 20.65624938 20.66347604]
345,NRG,[37.084943   37.19233794 37.08440559 37.0883738  37.18160399]
346,NUE,[160.20382371 160.41119127 160.53763803 160.11550353 160.74795808]
347,NVDA,[196.12414683 194.63149571 195.42661863 194.79786466 194.78600649]
348,NVR,[4467.35972271 4462.70006298 4480.84132297 4495.02991914 4484.20705856]
349,NXPI,[177.51384675 177.36047486 176.91428322 176.72649762 176.48174893]
350,ORLY,[624.70260136 629.08915542 634.86526369 636.85887944 640.40410022]
351,OXY,[56.88014781 57.16452809 56.99707842 56.85604639 57.10918195]
352,ODFL,[291.9264287  290.73064395 291.29055718 292.96280745 293.73525269]
353,OMC,[78.70501428 78.69429915 78.6730111  78.6687699  78.67295702]
354,OKE,[66.87237236 66.69223938 66.60235454 66.71508923 66.81422329]
355,ORCL,[75.96887882 76.06245057 76.40778948 76.57312878 76.44367803]
356,OGN,[33.17228096 33.33200959 33.08010254 33.24169031 33.28504222]
357,OTIS,[76.21224178 76.01154938 75.67067565 75.48909086 75.49048289]
358,PCAR,[85.37286367 85.56279457 85.59764893 85.54065949 85.45722654]
359,PKG,[162.84809873 162.56679028 162.32974275 162.40576529 162.64989902]
360,PARA,[29.20288207 28.96542933 29.1609522  29.13370376 28.98546146]
361,PH,[275.77641607 276.20832469 275.88823431 276.23495523 275.96748624]
362,PAYX,[132.42052713 132.38055064 132.40665551 132.37024905 132.39393659]
363,PAYC,[295.22821361 295.79822125 295.89451694 295.30347263 295.96979248]
364,PYPL,[93.13634135 92.80267917 92.57549525 92.53761567 92.52318731]
365,PENN,[38.01766403 37.95869827 37.92360112 37.88945908 37.88035338]
366,PNR,[52.8610377  52.87073859 52.88051969 52.87132185 52.87737815]
367,PBCT,[19.53953842 19.60558536 19.65855382 19.65866615 19.66010604]
368,PEP,[176.9750145  177.14357182 176.97533866 177.08716977 176.95837958]
369,PKI,[147.04041075 146.99948572 146.46475748 146.8088131  146.90239128]
370,PFE,[50.45673052 50.55710999 50.59458565 50.62514135 50.64633516]
371,PM,[102.26744637 102.42163388 102.37037685 102.31920246 102.4086168 ]
372,PSX,[86.86581261 86.90590451 86.60262773 86.70804831 86.81205817]
373,PNW,[74.51323091 74.35777383 74.36889364 74.52071306 74.49562348]
374,PXD,[235.26626002 235.05059207 234.65248949 234.65281958 234.73985046]
375,PNC,[171.28191549 171.0069646  171.18173771 171.16746066 171.04663998]
376,POOL,[420.66487885 419.5705311  417.36431887 418.95668545 420.76625268]
377,PPG,[130.37445994 130.01531595 130.30561506 130.63063146 130.54775055]
378,PPL,[29.10586801 29.07962027 29.04953705 29.02567858 29.0000488 ]
379,PFG,[70.84609826 70.82539078 70.66495454 70.54375817 70.52905174]
380,PG,[162.93184152 162.88248789 162.88138853 162.84115316 162.85585469]
381,PGR,[110.39589467 110.36495803 110.24308362 110.19198946 110.27047963]
382,PLD,[172.81475124 172.83077586 172.96440956 172.94289931 173.04969025]
383,PRU,[112.32884577 112.15408834 111.67742838 111.24229312 111.15763462]
384,PEG,[71.08698908 71.00155699 70.83100823 70.70334721 70.6961482 ]
385,PTC,[112.56986295 112.2804522  111.78822879 111.33008479 110.95733674]
386,PSA,[399.29555592 399.43947301 398.55080296 398.92225976 399.54145569]
387,PHM,[43.52146871 43.4948759  43.44523528 43.41144459 43.38676958]
388,PVH,[75.17647735 75.02477595 74.85237234 74.8199399  74.83301238]
389,QRVO,[116.76840283 116.91343143 116.39610928 116.31389159 116.1061511 ]
390,PWR,[118.84487306 118.82713745 118.81203307 118.81181537 118.8099394 ]
391,QCOM,[147.36308371 146.81603315 146.03005833 145.68958418 145.86429053]
392,DGX,[135.34507287 135.85093979 136.09053234 135.72805107 135.5486213 ]
393,RL,[107.62542408 107.32281797 106.84180981 106.8567811  106.9234733 ]
394,RJF,[104.35374952 103.81835864 104.0009026  104.44290097 104.01306558]
395,RTX,[98.15407194 98.26403318 98.42871927 98.55999017 98.67762996]
396,O,[72.68816536 72.46633526 72.23718307 72.16862104 72.3090542 ]
397,REG,[71.77014618 71.6629246  71.37686266 71.42043275 71.52275482]
398,REGN,[677.48547358 675.60431084 676.54699412 676.64588926 675.82159307]
399,RF,[21.3283979  21.31677696 21.31675379 21.31815934 21.31837193]
400,RSG,[138.17779022 138.09718    138.11612881 138.17308768 138.12126196]
401,RMD,[213.93731614 213.83188437 213.38924789 213.34441475 213.73537387]
402,RHI,[102.64598702 102.58594331 102.05127986 101.78028377 101.98116493]
403,ROK,[263.90799785 263.42100469 262.21310238 261.31182225 261.33016062]
404,ROL,[34.42797339 34.36591423 34.33616567 34.32290583 34.31623661]
405,ROP,[483.13817585 482.28395067 482.11638986 481.90224746 481.99373947]
406,ROST,[104.23244071 103.92967794 103.84598558 103.8961037  103.89204575]
407,RCL,[80.69058263 80.53429008 80.38749798 80.42436898 80.57611908]
408,SPGI,[385.74529009 385.86790706 385.78166277 385.81858275 385.76704059]
409,CRM,[186.44290974 185.71023888 186.07340773 186.14858858 185.74798137]
410,SBAC,[359.73083934 358.68410154 358.87803504 358.71883013 358.92139742]
411,SLB,[40.43672105 40.73151437 40.93893803 41.01893478 40.95898044]
412,STX,[81.95026056 81.68900954 81.77807408 82.06031091 82.10250058]
413,SEE,[66.24262186 65.80500533 66.00442468 66.30149884 65.8962263 ]
414,SRE,[165.37008208 165.31757042 165.38401166 165.32186807 165.37810274]
415,NOW,[502.05998391 498.75197891 495.83400955 493.8800881  493.109825  ]
416,SHW,[280.57109245 282.29884649 284.11717478 283.50728519 281.57899009]
417,SBNY,[251.36760896 250.61165732 250.70869155 251.13963619 251.22562767]
418,SPG,[124.57897243 124.74136139 124.51208126 124.46330738 124.51431166]
419,SWKS,[117.08036368 117.04620821 116.6985645  116.29523581 115.97997398]
420,SJM,[141.31059491 141.22148133 141.22074739 141.14558116 141.17076259]
421,SNA,[220.20137812 220.36348807 220.37275905 220.41415778 220.41378129]
422,SEDG,[256.90263676 259.52418029 259.65990336 257.22199076 254.44752204]
423,SO,[75.37620378 75.44342544 75.4918264  75.47418214 75.41281268]
424,LUV,[46.86830571 46.73242652 46.84600695 46.83495874 46.76003617]
425,SWK,[126.73438292 127.44459409 128.6297031  129.54974439 129.9402322 ]
426,SBUX,[76.85988921 77.09653097 77.04936476 77.03535298 76.9983193 ]
427,STT,[69.38440107 69.65483235 69.23745418 68.70534592 68.76764575]
428,STE,[231.94731245 232.25830674 232.43303479 232.69955151 232.84099288]
429,SYK,[253.333859   254.26578843 254.93028112 255.477468   255.91211138]
430,SIVB,[514.63589792 512.70774638 512.51724912 512.70502802 512.65246583]
431,SYF,[38.08290947 38.08761342 38.07614222 38.06943693 38.06302816]
432,SNPS,[300.30266553 300.48712868 300.58242057 300.56692502 300.64011317]
433,SYY,[88.69289529 88.5672728  88.34584896 88.48769724 88.56018866]
434,TMUS,[132.21729867 131.46807711 131.59949856 131.5432094  131.65713769]
435,TROW,[129.04974505 129.36071308 129.92092309 129.92716325 129.43272028]
436,TTWO,[123.5786878  123.83662235 123.8398117  123.65586482 123.46064361]
437,TPR,[33.51218928 33.42983712 33.43316597 33.38884045 33.41303054]
438,TGT,[236.24533443 236.07546666 236.89427406 236.35447016 236.30536329]
439,TEL,[127.11567906 126.82727492 126.45841545 126.28262681 126.32083077]
440,TDY,[452.37559825 452.83094143 452.45319013 452.73203713 452.56549332]
441,TFX,[297.79269974 297.36795591 297.28357045 297.53758479 297.42447261]
442,TER,[111.02965658 111.71163044 112.19846473 111.7077936  111.09455695]
443,TSLA,[876.22706342 873.10963273 869.62640754 867.32435114 867.13925588]
444,TXN,[175.21112709 175.23530885 175.20133568 175.18152607 175.1640229 ]
445,TXT,[71.93453106 71.75194725 71.45555803 71.47796545 71.76343633]
446,TMO,[566.78266619 570.80778516 568.11129447 561.19071996 554.48788549]
447,TJX,[63.73902343 63.52211699 63.25288811 63.58410764 63.58634222]
448,TSCO,[209.36791134 209.48791604 208.70056234 208.75919425 209.53145268]
449,TT,[145.63310807 145.58211584 145.59218966 145.59280263 145.59212994]
450,TDG,[618.93530961 620.11642975 620.3330349  621.26552781 621.5082545 ]
451,TRV,[174.24388234 173.99082654 173.76497212 173.66189711 173.70842583]
452,TRMB,[68.36268462 68.597691   68.34751359 67.85628574 67.59275297]
453,TFC,[50.28383877 50.30047271 50.3119281  50.30856284 50.30800966]
454,TWTR,[49.14746873 49.13716577 49.09328977 49.06277933 49.02265291]
455,TYL,[405.86198719 402.77355904 403.22302545 405.92185763 403.88620873]
456,TSN,[96.0200711  96.08784658 95.73301417 95.38656515 95.25302291]
457,USB,[50.19650666 50.27566173 50.29981505 50.31340285 50.31582299]
458,UDR,[56.41663166 56.53367582 56.50308935 56.3558497  56.16241322]
459,ULTA,[418.32413344 416.99846079 416.23785482 416.21684548 416.2088888 ]
460,UAA,[15.78750193 15.78536201 15.80286821 15.77992147 15.79246402]
461,UA,[14.56541458 14.56921799 14.59270452 14.57723151 14.59141928]
462,UNP,[238.40571172 239.52405775 238.58125807 239.35230433 238.7631766 ]
463,UAL,[52.18882166 52.06757803 51.90621152 51.85002323 51.8519923 ]
464,UNH,[525.38848867 525.85899784 524.59928322 524.16118504 525.41970005]
465,UPS,[190.43265813 190.31911299 190.38904071 190.2737707  190.33732427]
466,URI,[321.17762558 321.76997947 321.35467621 320.90151946 320.55334414]
467,UHS,[125.3433169  125.56238854 126.47274184 126.4982095  127.22399088]
468,VLO,[114.94269404 114.60162044 113.95740936 114.08187833 114.17878635]
469,VTR,[57.70512107 57.78458218 57.68194167 57.69654524 57.6943058 ]
470,VRSN,[208.99042213 209.1428934  208.87787864 208.84175553 208.7683701 ]
471,VRSK,[212.48581191 212.88239398 212.95867817 212.49875138 212.96382909]
472,VZ,[48.57236915 48.73357488 48.89534718 49.03574185 49.172691  ]
473,VRTX,[268.9564202  268.95879147 268.50149683 269.13484167 268.64588548]
474,VFC,[53.11134022 53.01083762 52.90830777 52.8470604  52.84975306]
475,VTRS,[10.52349501 10.50050993 10.44034988 10.39415301 10.40117818]
476,V,[221.55238841 221.47084537 221.05626448 220.6418714  220.25675452]
477,VNO,[40.61397906 40.85338534 40.60317499 40.52462884 40.5531139 ]
478,VMC,[177.69568855 177.82983291 177.72505573 177.81082911 177.74414656]
479,WAB,[93.97786203 93.83997898 93.65050589 93.48219514 93.33747245]
480,WMT,[156.01441042 156.05400129 156.12006368 156.07792601 156.11579653]
481,WBA,[44.50595345 44.62481125 44.57262095 44.54114225 44.56703333]
482,WM,[169.2194712  168.60483988 168.42832947 168.73436346 169.02971249]
483,WAT,[306.42968608 306.65470299 306.29815921 306.48455747 306.13123487]
484,WEC,[102.75967178 102.56477002 102.63654174 102.79749187 102.6680059 ]
485,WFC,[45.19073538 45.17684264 45.17086308 45.16975611 45.16957464]
486,WELL,[94.4170136  94.62976917 94.42885783 94.38934513 94.43779029]
487,WST,[326.7748798  324.60751078 326.7119352  324.94864525 326.15900533]
488,WDC,[52.51508935 52.73267606 52.35425006 52.56562955 52.69406029]
489,WRK,[50.0698245  49.99439581 49.86538418 49.80772302 49.8332438 ]
490,WY,[41.94614787 42.016798   42.03978024 42.01900658 41.96708291]
491,WHR,[184.66889191 185.28868105 185.27258229 185.11492956 185.06268949]
492,WMB,[34.73612307 34.70940694 34.74771083 34.77579566 34.74777679]
493,WTW,[228.7350832  227.8082301  228.09628853 229.02242312 228.89186597]
494,WYNN,[70.82061526 70.90466066 70.8422454  70.82038822 70.8053002 ]
495,XEL,[74.86516533 74.8537251  74.74834015 74.79662201 74.88605339]
496,XYL,[83.71296416 83.59411083 83.23468752 82.95718572 82.96112286]
497,YUM,[119.48209727 119.52166658 119.42923885 119.50963835 119.49746866]
498,ZBRA,[383.55457981 385.06631278 384.91450277 383.51322574 383.88915068]
499,ZBH,[124.70103915 124.9084983  124.96682287 125.06023217 125.11828139]
500,ZION,[58.00620124 57.85834229 57.82201253 57.82456622 57.82795926]
501,ZTS,[181.51850647 181.3917761  181.44413769 181.4441523  181.41674314]
